-- phpMyAdmin SQL Dump
-- version 5.1.0
-- https://www.phpmyadmin.net/
--
-- Хост: 127.0.0.1:3306
-- Время создания: Окт 05 2021 г., 16:36
-- Версия сервера: 8.0.24
-- Версия PHP: 8.0.8

SET FOREIGN_KEY_CHECKS=0;
SET SQL_MODE = "NO_AUTO_VALUE_ON_ZERO";
START TRANSACTION;
SET time_zone = "+00:00";


/*!40101 SET @OLD_CHARACTER_SET_CLIENT=@@CHARACTER_SET_CLIENT */;
/*!40101 SET @OLD_CHARACTER_SET_RESULTS=@@CHARACTER_SET_RESULTS */;
/*!40101 SET @OLD_COLLATION_CONNECTION=@@COLLATION_CONNECTION */;
/*!40101 SET NAMES utf8mb4 */;

--
-- База данных: `invoice`
--

--
-- Очистить таблицу перед добавлением данных `airports`
--

TRUNCATE TABLE `airports`;
--
-- Дамп данных таблицы `airports`
--

INSERT INTO `airports` (`id`, `name`, `created_at`, `updated_at`) VALUES
(1, 'Алматы', '2021-09-24 07:27:52', '2021-09-24 07:27:52');

--
-- Очистить таблицу перед добавлением данных `bookings`
--

TRUNCATE TABLE `bookings`;
--
-- Дамп данных таблицы `bookings`
--

INSERT INTO `bookings` (`id`, `hotel_id`, `room_type_id`, `count`, `extra_bed`, `adults`, `children`, `bb`, `check_in`, `check_out`, `booking_number`, `invoice_id`, `created_at`, `updated_at`) VALUES
(1, 8, 3, 1, 1, 1, 2, 'bb', '2021-10-01', '2021-10-24', 1100994466, 1, '2021-10-01 10:13:45', '2021-10-01 10:13:45'),
(2, 1, 5, 1, 0, 1, 2, 'bb', '2021-10-18', '2021-10-26', 775544332200, 1, '2021-10-01 10:13:45', '2021-10-01 10:13:45');

--
-- Очистить таблицу перед добавлением данных `companies`
--

TRUNCATE TABLE `companies`;
--
-- Дамп данных таблицы `companies`
--

INSERT INTO `companies` (`id`, `name`, `code`, `created_at`, `updated_at`) VALUES
(1, 'Gerhold, Olson and Kulas', 'laborum', '2021-09-24 07:07:09', '2021-09-24 07:07:09'),
(2, 'Frami, O\'Keefe and Schaden', 'esse', '2021-09-24 07:07:09', '2021-09-24 07:07:09'),
(3, 'Corwin-Stiedemann', 'nemo', '2021-09-24 07:07:09', '2021-09-24 07:07:09'),
(4, 'Rice-Kerluke', 'numquam', '2021-09-24 07:07:09', '2021-09-24 07:07:09'),
(5, 'Cruickshank-Pacocha', 'quia', '2021-09-24 07:07:09', '2021-09-24 07:07:09');

--
-- Очистить таблицу перед добавлением данных `days`
--

TRUNCATE TABLE `days`;
--
-- Дамп данных таблицы `days`
--

INSERT INTO `days` (`id`, `order`, `free`, `resort_id`, `model_type`, `model_id`, `created_at`, `updated_at`) VALUES
(14, 1, 1, 66, 'App\\Models\\Sample', 17, '2021-10-04 03:54:47', '2021-10-04 03:54:47'),
(15, 2, 0, 72, 'App\\Models\\Sample', 17, '2021-10-04 03:54:47', '2021-10-04 03:54:47'),
(16, 3, 1, 68, 'App\\Models\\Sample', 17, '2021-10-04 03:54:47', '2021-10-04 03:54:47'),
(17, 4, 1, 69, 'App\\Models\\Sample', 17, '2021-10-04 03:54:47', '2021-10-04 03:54:47'),
(18, 5, 1, 66, 'App\\Models\\Sample', 17, '2021-10-04 03:54:47', '2021-10-04 03:54:47'),
(19, 6, 1, 80, 'App\\Models\\Sample', 17, '2021-10-04 03:54:47', '2021-10-04 03:54:47'),
(20, 7, 1, 66, 'App\\Models\\Sample', 17, '2021-10-04 03:54:47', '2021-10-04 03:54:47'),
(21, 8, 1, 76, 'App\\Models\\Sample', 17, '2021-10-04 03:54:47', '2021-10-04 03:54:47'),
(22, 9, 0, 69, 'App\\Models\\Sample', 17, '2021-10-04 03:54:47', '2021-10-04 03:54:47'),
(23, 1, 1, 79, 'App\\Models\\Sample', 18, '2021-10-04 03:54:47', '2021-10-04 03:54:47'),
(24, 2, 0, 62, 'App\\Models\\Sample', 18, '2021-10-04 03:54:47', '2021-10-04 03:54:47'),
(25, 3, 1, 64, 'App\\Models\\Sample', 18, '2021-10-04 03:54:47', '2021-10-04 03:54:47'),
(26, 4, 0, 62, 'App\\Models\\Sample', 18, '2021-10-04 03:54:47', '2021-10-04 03:54:47'),
(27, 5, 0, 74, 'App\\Models\\Sample', 18, '2021-10-04 03:54:47', '2021-10-04 03:54:47'),
(28, 6, 1, 71, 'App\\Models\\Sample', 18, '2021-10-04 03:54:47', '2021-10-04 03:54:47'),
(29, 7, 0, 62, 'App\\Models\\Sample', 18, '2021-10-04 03:54:47', '2021-10-04 03:54:47'),
(30, 8, 0, 66, 'App\\Models\\Sample', 18, '2021-10-04 03:54:47', '2021-10-04 03:54:47'),
(31, 1, 0, 78, 'App\\Models\\Sample', 19, '2021-10-04 03:54:47', '2021-10-04 03:54:47'),
(32, 2, 1, 66, 'App\\Models\\Sample', 19, '2021-10-04 03:54:47', '2021-10-04 03:54:47'),
(33, 3, 1, 74, 'App\\Models\\Sample', 19, '2021-10-04 03:54:47', '2021-10-04 03:54:47'),
(34, 4, 1, 69, 'App\\Models\\Sample', 19, '2021-10-04 03:54:47', '2021-10-04 03:54:47'),
(35, 5, 0, 70, 'App\\Models\\Sample', 19, '2021-10-04 03:54:47', '2021-10-04 03:54:47'),
(36, 6, 1, 74, 'App\\Models\\Sample', 19, '2021-10-04 03:54:47', '2021-10-04 03:54:47'),
(37, 7, 0, 73, 'App\\Models\\Sample', 19, '2021-10-04 03:54:47', '2021-10-04 03:54:47'),
(38, 1, 0, 69, 'App\\Models\\Sample', 20, '2021-10-04 03:54:47', '2021-10-04 03:54:47'),
(39, 2, 0, 71, 'App\\Models\\Sample', 20, '2021-10-04 03:54:47', '2021-10-04 03:54:47'),
(40, 3, 0, 71, 'App\\Models\\Sample', 20, '2021-10-04 03:54:47', '2021-10-04 03:54:47'),
(41, 4, 1, 61, 'App\\Models\\Sample', 20, '2021-10-04 03:54:47', '2021-10-04 03:54:47'),
(42, 5, 0, 61, 'App\\Models\\Sample', 20, '2021-10-04 03:54:47', '2021-10-04 03:54:47'),
(43, 6, 0, 73, 'App\\Models\\Sample', 20, '2021-10-04 03:54:47', '2021-10-04 03:54:47'),
(44, 1, 0, 73, 'App\\Models\\Sample', 21, '2021-10-04 03:54:47', '2021-10-04 03:54:47'),
(45, 2, 0, 62, 'App\\Models\\Sample', 21, '2021-10-04 03:54:47', '2021-10-04 03:54:47'),
(46, 3, 0, 65, 'App\\Models\\Sample', 21, '2021-10-04 03:54:47', '2021-10-04 03:54:47'),
(47, 4, 1, 64, 'App\\Models\\Sample', 21, '2021-10-04 03:54:47', '2021-10-04 03:54:47'),
(48, 5, 0, 63, 'App\\Models\\Sample', 21, '2021-10-04 03:54:47', '2021-10-04 03:54:47'),
(49, 1, 1, 79, 'App\\Models\\Sample', 22, '2021-10-04 03:54:47', '2021-10-04 03:54:47'),
(50, 2, 1, 63, 'App\\Models\\Sample', 22, '2021-10-04 03:54:47', '2021-10-04 03:54:47'),
(51, 3, 0, 62, 'App\\Models\\Sample', 22, '2021-10-04 03:54:47', '2021-10-04 03:54:47'),
(52, 4, 0, 62, 'App\\Models\\Sample', 22, '2021-10-04 03:54:47', '2021-10-04 03:54:47'),
(53, 1, 0, 79, 'App\\Models\\Sample', 23, '2021-10-04 03:54:47', '2021-10-04 03:54:47'),
(54, 2, 1, 61, 'App\\Models\\Sample', 23, '2021-10-04 03:54:47', '2021-10-04 03:54:47'),
(55, 3, 0, 64, 'App\\Models\\Sample', 23, '2021-10-04 03:54:47', '2021-10-04 03:54:47'),
(56, 1, 0, 73, 'App\\Models\\Sample', 24, '2021-10-04 03:54:47', '2021-10-04 03:54:47'),
(57, 2, 0, 64, 'App\\Models\\Sample', 24, '2021-10-04 03:54:47', '2021-10-04 03:54:47'),
(58, 1, 1, 68, 'App\\Models\\Sample', 25, '2021-10-04 03:54:47', '2021-10-04 03:54:47');

--
-- Очистить таблицу перед добавлением данных `failed_jobs`
--

TRUNCATE TABLE `failed_jobs`;
--
-- Очистить таблицу перед добавлением данных `hotels`
--

TRUNCATE TABLE `hotels`;
--
-- Дамп данных таблицы `hotels`
--

INSERT INTO `hotels` (`id`, `name`, `created_at`, `updated_at`) VALUES
(1, 'Wilderman-Gerlach', '2021-09-24 07:18:01', '2021-09-24 07:18:01'),
(2, 'Witting, Senger and Schmeler', '2021-09-24 07:18:01', '2021-09-24 07:18:01'),
(3, 'Ferry, Reichert and Blick', '2021-09-24 07:18:01', '2021-09-24 07:18:01'),
(4, 'Boyle-Price', '2021-09-24 07:18:01', '2021-09-24 07:18:01'),
(5, 'Walker Inc', '2021-09-24 07:18:01', '2021-09-24 07:18:01'),
(6, 'Kemmer LLC', '2021-09-24 07:18:01', '2021-09-24 07:18:01'),
(7, 'Cummings-Jast', '2021-09-24 07:18:01', '2021-09-24 07:18:01'),
(8, 'Bogan Ltd', '2021-09-24 07:18:01', '2021-09-24 07:18:01'),
(9, 'Erdman PLC', '2021-09-24 07:18:01', '2021-09-24 07:18:01'),
(10, 'Abernathy, Simonis and Metz', '2021-09-24 07:18:01', '2021-09-24 07:18:01');

--
-- Очистить таблицу перед добавлением данных `invoices`
--

TRUNCATE TABLE `invoices`;
--
-- Дамп данных таблицы `invoices`
--

INSERT INTO `invoices` (`id`, `user_name`, `user_nationality`, `company_id`, `arrival_time`, `arrival_airport_id`, `arrival_flight_code`, `departure_time`, `departure_airport_id`, `departure_flight_code`, `driver_number`, `driver_name`, `passengers`, `gid`, `created_at`, `updated_at`) VALUES
(1, 'Артышко Андрей Алексеевич', 'Россия', 2, '2021-10-01 17:12:06', 1, '110099', '2021-10-26 17:12:06', 1, '99220066', '24 YY 560210', 'Петрович Вася Пупкин', 3, 1, '2021-10-01 10:12:06', '2021-10-01 10:12:06'),
(2, 'Артышко Алексеевич', 'Россия', 4, '2021-10-01 17:12:06', 1, '110099', '2021-10-26 17:12:06', 1, '99220066', '24 YY 560210', 'Петрович Вася Пупкин', 3, 1, '2021-10-01 10:12:06', '2021-10-01 10:12:06');

--
-- Очистить таблицу перед добавлением данных `migrations`
--

TRUNCATE TABLE `migrations`;
--
-- Дамп данных таблицы `migrations`
--

INSERT INTO `migrations` (`id`, `migration`, `batch`) VALUES
(1, '2014_10_12_000000_create_users_table', 1),
(2, '2014_10_12_100000_create_password_resets_table', 1),
(3, '2019_08_19_000000_create_failed_jobs_table', 1),
(4, '2019_12_14_000001_create_personal_access_tokens_table', 1),
(5, '2021_09_24_135354_create_companies_table', 2),
(6, '2021_09_24_141114_create_hotels_table', 3),
(7, '2021_09_24_142005_create_room_types_table', 4),
(8, '2021_09_24_142519_create_airports_table', 5),
(9, '2021_09_25_021645_create_resorts_table', 6),
(10, '2021_10_04_065059_create_days_table', 7),
(11, '2021_10_04_065516_create_samples_table', 7),
(13, '2021_10_04_070424_add_foreign_resort', 8),
(18, '2021_10_05_092843_create_invoices_table', 9),
(19, '2021_10_05_093745_create_bookings_table', 9);

--
-- Очистить таблицу перед добавлением данных `password_resets`
--

TRUNCATE TABLE `password_resets`;
--
-- Очистить таблицу перед добавлением данных `personal_access_tokens`
--

TRUNCATE TABLE `personal_access_tokens`;
--
-- Очистить таблицу перед добавлением данных `resorts`
--

TRUNCATE TABLE `resorts`;
--
-- Дамп данных таблицы `resorts`
--

INSERT INTO `resorts` (`id`, `name`, `created_at`, `updated_at`) VALUES
(61, 'stiedemann.com', '2021-10-04 03:07:56', '2021-10-04 03:07:56'),
(62, 'ortiz.com', '2021-10-04 03:07:56', '2021-10-04 03:07:56'),
(63, 'shanahan.info', '2021-10-04 03:07:56', '2021-10-04 03:07:56'),
(64, 'emmerich.biz', '2021-10-04 03:07:56', '2021-10-04 03:07:56'),
(65, 'bernhard.org', '2021-10-04 03:07:56', '2021-10-04 03:07:56'),
(66, 'barrows.info', '2021-10-04 03:07:56', '2021-10-04 03:07:56'),
(67, 'conroy.com', '2021-10-04 03:07:56', '2021-10-04 03:07:56'),
(68, 'spinka.org', '2021-10-04 03:07:56', '2021-10-04 03:07:56'),
(69, 'sporer.com', '2021-10-04 03:07:56', '2021-10-04 03:07:56'),
(70, 'rutherford.com', '2021-10-04 03:07:56', '2021-10-04 03:07:56'),
(71, 'douglas.com', '2021-10-04 03:07:56', '2021-10-04 03:07:56'),
(72, 'rosenbaum.com', '2021-10-04 03:07:56', '2021-10-04 03:07:56'),
(73, 'friesen.org', '2021-10-04 03:07:56', '2021-10-04 03:07:56'),
(74, 'reynolds.info', '2021-10-04 03:07:56', '2021-10-04 03:07:56'),
(75, 'mohr.com', '2021-10-04 03:07:56', '2021-10-04 03:07:56'),
(76, 'koss.com', '2021-10-04 03:07:56', '2021-10-04 03:07:56'),
(77, 'abernathy.com', '2021-10-04 03:07:56', '2021-10-04 03:07:56'),
(78, 'swift.com', '2021-10-04 03:07:56', '2021-10-04 03:07:56'),
(79, 'schaden.info', '2021-10-04 03:07:56', '2021-10-04 03:07:56'),
(80, 'mraz.info', '2021-10-04 03:07:56', '2021-10-04 03:07:56');

--
-- Очистить таблицу перед добавлением данных `room_types`
--

TRUNCATE TABLE `room_types`;
--
-- Дамп данных таблицы `room_types`
--

INSERT INTO `room_types` (`id`, `name`, `created_at`, `updated_at`) VALUES
(1, 'Zboncak', '2021-09-24 07:22:50', '2021-09-24 07:22:50'),
(2, 'Ferry', '2021-09-24 07:22:50', '2021-09-24 07:22:50'),
(3, 'Orn', '2021-09-24 07:22:50', '2021-09-24 07:22:50'),
(4, 'Luettgen', '2021-09-24 07:22:50', '2021-09-24 07:22:50'),
(5, 'Smith', '2021-09-24 07:22:50', '2021-09-24 07:22:50'),
(6, 'Rodriguez', '2021-09-24 07:22:50', '2021-09-24 07:22:50'),
(7, 'Johnston', '2021-09-24 07:22:50', '2021-09-24 07:22:50'),
(8, 'Runolfsdottir', '2021-09-24 07:22:50', '2021-09-24 07:22:50'),
(9, 'Ziemann', '2021-09-24 07:22:50', '2021-09-24 07:22:50'),
(10, 'Treutel', '2021-09-24 07:22:50', '2021-09-24 07:22:50');

--
-- Очистить таблицу перед добавлением данных `samples`
--

TRUNCATE TABLE `samples`;
--
-- Дамп данных таблицы `samples`
--

INSERT INTO `samples` (`id`, `name`, `created_at`, `updated_at`) VALUES
(17, 'Tур на 9 дней', '2021-10-04 03:54:47', '2021-10-04 03:54:47'),
(18, 'Tур на 8 дней', '2021-10-04 03:54:47', '2021-10-04 03:54:47'),
(19, 'Tур на 7 дней', '2021-10-04 03:54:47', '2021-10-04 03:54:47'),
(20, 'Tур на 6 дней', '2021-10-04 03:54:47', '2021-10-04 03:54:47'),
(21, 'Tур на 5 дней', '2021-10-04 03:54:47', '2021-10-04 03:54:47'),
(22, 'Tур на 4 дней', '2021-10-04 03:54:47', '2021-10-04 03:54:47'),
(23, 'Tур на 3 дней', '2021-10-04 03:54:47', '2021-10-04 03:54:47'),
(24, 'Tур на 2 дней', '2021-10-04 03:54:47', '2021-10-04 03:54:47'),
(25, 'Tур на 1 дней', '2021-10-04 03:54:47', '2021-10-04 03:54:47'),
(26, 'Tур на 0 дней', '2021-10-04 03:54:47', '2021-10-04 03:54:47');

--
-- Очистить таблицу перед добавлением данных `users`
--

TRUNCATE TABLE `users`;
--
-- Дамп данных таблицы `users`
--

INSERT INTO `users` (`id`, `name`, `email`, `email_verified_at`, `password`, `remember_token`, `created_at`, `updated_at`) VALUES
(2, 'Артышко Андрей', 'artyshko.andrey@gmail.com', NULL, '$2y$10$8Bc9o5HEQGqUdhJ6tdTEr.kCnXn10m8xKt1Y.4hoersXvrkAn6n/6', NULL, '2021-09-24 00:42:30', '2021-09-24 00:42:30'),
(3, 'Тестер', 'test@admin.ru', NULL, '$2y$10$ChsjaPVXjBvrqxcO/29Nl.Bh5sxhYc0JbsdH./E9AQCQvqHYJpxdS', NULL, '2021-10-05 06:36:34', '2021-10-05 06:36:34');
SET FOREIGN_KEY_CHECKS=1;
COMMIT;

/*!40101 SET CHARACTER_SET_CLIENT=@OLD_CHARACTER_SET_CLIENT */;
/*!40101 SET CHARACTER_SET_RESULTS=@OLD_CHARACTER_SET_RESULTS */;
/*!40101 SET COLLATION_CONNECTION=@OLD_COLLATION_CONNECTION */;
